county_desc,precinct_code,precinct_name,candidate_name,candidate_party_lbl,cnt,num_votes
ANSON,ANS,ANSONVILLE,Dan McCready,DEM,5,313
ANSON,ANS,ANSONVILLE,Jeff Scott,LIB,5,13
ANSON,ANS,ANSONVILLE,Mark Harris,REP,5,248
ANSON,BURN,BURNSVILLE,Dan McCready,DEM,5,206
ANSON,BURN,BURNSVILLE,Jeff Scott,LIB,5,13
ANSON,BURN,BURNSVILLE,Mark Harris,REP,5,493
ANSON,GULL,GULLEDGE,Dan McCready,DEM,5,336
ANSON,GULL,GULLEDGE,Jeff Scott,LIB,5,6
ANSON,GULL,GULLEDGE,Mark Harris,REP,5,188
ANSON,LILE,LILESVILLE,Dan McCready,DEM,5,780
ANSON,LILE,LILESVILLE,Jeff Scott,LIB,5,16
ANSON,LILE,LILESVILLE,Mark Harris,REP,5,432
ANSON,MM,MORVEN/MCFARLAN,Dan McCready,DEM,5,495
ANSON,MM,MORVEN/MCFARLAN,Jeff Scott,LIB,5,7
ANSON,MM,MORVEN/MCFARLAN,Mark Harris,REP,5,112
ANSON,PEAC,PEACHLAND,Dan McCready,DEM,5,188
ANSON,PEAC,PEACHLAND,Jeff Scott,LIB,5,8
ANSON,PEAC,PEACHLAND,Mark Harris,REP,5,505
ANSON,POLK,POLKTON,Dan McCready,DEM,5,198
ANSON,POLK,POLKTON,Jeff Scott,LIB,5,5
ANSON,POLK,POLKTON,Mark Harris,REP,5,242
ANSON,W1,WADESBORO 1,Dan McCready,DEM,5,764
ANSON,W1,WADESBORO 1,Jeff Scott,LIB,5,13
ANSON,W1,WADESBORO 1,Mark Harris,REP,5,280
ANSON,W2,WADESBORO 2,Dan McCready,DEM,5,520
ANSON,W2,WADESBORO 2,Jeff Scott,LIB,5,12
ANSON,W2,WADESBORO 2,Mark Harris,REP,5,221
ANSON,W3,WADESBORO 3,Dan McCready,DEM,5,710
ANSON,W3,WADESBORO 3,Jeff Scott,LIB,5,20
ANSON,W3,WADESBORO 3,Mark Harris,REP,5,451
ANSON,WS,WHITE STORE,Dan McCready,DEM,5,76
ANSON,WS,WHITE STORE,Jeff Scott,LIB,5,1
ANSON,WS,WHITE STORE,Mark Harris,REP,5,94
CUMBERLAND,ABSENTEE 1-20,NA,Dan McCready,DEM,5,0
CUMBERLAND,ABSENTEE 1-20,NA,Jeff Scott,LIB,5,0
CUMBERLAND,ABSENTEE 1-20,NA,Mark Harris,REP,5,0
CUMBERLAND,ABSENTEE 21-45,NA,Dan McCready,DEM,5,0
CUMBERLAND,ABSENTEE 21-45,NA,Jeff Scott,LIB,5,0
CUMBERLAND,ABSENTEE 21-45,NA,Mark Harris,REP,5,0
CUMBERLAND,AL51,ALDERMAN,Dan McCready,DEM,5,971
CUMBERLAND,AL51,ALDERMAN,Jeff Scott,LIB,5,35
CUMBERLAND,AL51,ALDERMAN,Mark Harris,REP,5,1605
CUMBERLAND,CC01,CROSS CREEK 01,Dan McCready,DEM,5,893
CUMBERLAND,CC01,CROSS CREEK 01,Jeff Scott,LIB,5,13
CUMBERLAND,CC01,CROSS CREEK 01,Mark Harris,REP,5,107
CUMBERLAND,CC05,CROSS CREEK 05,Dan McCready,DEM,5,733
CUMBERLAND,CC05,CROSS CREEK 05,Jeff Scott,LIB,5,13
CUMBERLAND,CC05,CROSS CREEK 05,Mark Harris,REP,5,97
CUMBERLAND,CC08,CROSS CREEK 08,Dan McCready,DEM,5,91
CUMBERLAND,CC08,CROSS CREEK 08,Jeff Scott,LIB,5,0
CUMBERLAND,CC08,CROSS CREEK 08,Mark Harris,REP,5,99
CUMBERLAND,CC16,CROSS CREEK 16,Dan McCready,DEM,5,1080
CUMBERLAND,CC16,CROSS CREEK 16,Jeff Scott,LIB,5,12
CUMBERLAND,CC16,CROSS CREEK 16,Mark Harris,REP,5,24
CUMBERLAND,EO61-1,EASTOVER 1,Dan McCready,DEM,5,625
CUMBERLAND,EO61-1,EASTOVER 1,Jeff Scott,LIB,5,16
CUMBERLAND,EO61-1,EASTOVER 1,Mark Harris,REP,5,1027
CUMBERLAND,EO61-2,EASTOVER 2,Dan McCready,DEM,5,475
CUMBERLAND,EO61-2,EASTOVER 2,Jeff Scott,LIB,5,19
CUMBERLAND,EO61-2,EASTOVER 2,Mark Harris,REP,5,603
CUMBERLAND,G1A,CROSS CREEK 02-G1,Dan McCready,DEM,5,667
CUMBERLAND,G1A,CROSS CREEK 02-G1,Jeff Scott,LIB,5,18
CUMBERLAND,G1A,CROSS CREEK 02-G1,Mark Harris,REP,5,281
CUMBERLAND,G1B,JUDSON-VANDER-G1,Dan McCready,DEM,5,881
CUMBERLAND,G1B,JUDSON-VANDER-G1,Jeff Scott,LIB,5,29
CUMBERLAND,G1B,JUDSON-VANDER-G1,Mark Harris,REP,5,1248
CUMBERLAND,G3A-1,PEARCES MILL 2A-G3,Dan McCready,DEM,5,1103
CUMBERLAND,G3A-1,PEARCES MILL 2A-G3,Jeff Scott,LIB,5,26
CUMBERLAND,G3A-1,PEARCES MILL 2A-G3,Mark Harris,REP,5,430
CUMBERLAND,G3A-2,PEARCES MILL 2B-G3,Dan McCready,DEM,5,636
CUMBERLAND,G3A-2,PEARCES MILL 2B-G3,Jeff Scott,LIB,5,26
CUMBERLAND,G3A-2,PEARCES MILL 2B-G3,Mark Harris,REP,5,403
CUMBERLAND,G3B,CROSS CREEK 11-G3,Dan McCready,DEM,5,255
CUMBERLAND,G3B,CROSS CREEK 11-G3,Jeff Scott,LIB,5,16
CUMBERLAND,G3B,CROSS CREEK 11-G3,Mark Harris,REP,5,184
CUMBERLAND,G3C,PEARCES MILL 3-G3,Dan McCready,DEM,5,310
CUMBERLAND,G3C,PEARCES MILL 3-G3,Jeff Scott,LIB,5,13
CUMBERLAND,G3C,PEARCES MILL 3-G3,Mark Harris,REP,5,387
CUMBERLAND,G6A,STEDMAN-G6,Dan McCready,DEM,5,685
CUMBERLAND,G6A,STEDMAN-G6,Jeff Scott,LIB,5,21
CUMBERLAND,G6A,STEDMAN-G6,Mark Harris,REP,5,1556
CUMBERLAND,G6B,BEAVER DAM-G6,Dan McCready,DEM,5,180
CUMBERLAND,G6B,BEAVER DAM-G6,Jeff Scott,LIB,5,7
CUMBERLAND,G6B,BEAVER DAM-G6,Mark Harris,REP,5,437
CUMBERLAND,G6C,CEDAR CREEK-G6,Dan McCready,DEM,5,426
CUMBERLAND,G6C,CEDAR CREEK-G6,Jeff Scott,LIB,5,16
CUMBERLAND,G6C,CEDAR CREEK-G6,Mark Harris,REP,5,602
CUMBERLAND,G9A,HOPE MILLS 3-G9,Dan McCready,DEM,5,729
CUMBERLAND,G9A,HOPE MILLS 3-G9,Jeff Scott,LIB,5,20
CUMBERLAND,G9A,HOPE MILLS 3-G9,Mark Harris,REP,5,617
CUMBERLAND,G9B-1,HOPE MILLS 2A-G9,Dan McCready,DEM,5,984
CUMBERLAND,G9B-1,HOPE MILLS 2A-G9,Jeff Scott,LIB,5,38
CUMBERLAND,G9B-1,HOPE MILLS 2A-G9,Mark Harris,REP,5,852
CUMBERLAND,G9B-2,HOPE MILLS 2B-G9,Dan McCready,DEM,5,1098
CUMBERLAND,G9B-2,HOPE MILLS 2B-G9,Jeff Scott,LIB,5,40
CUMBERLAND,G9B-2,HOPE MILLS 2B-G9,Mark Harris,REP,5,982
CUMBERLAND,ONE STOP A 1-20,NA,Dan McCready,DEM,5,0
CUMBERLAND,ONE STOP A 1-20,NA,Jeff Scott,LIB,5,0
CUMBERLAND,ONE STOP A 1-20,NA,Mark Harris,REP,5,0
CUMBERLAND,ONE STOP A 21-45,NA,Dan McCready,DEM,5,0
CUMBERLAND,ONE STOP A 21-45,NA,Jeff Scott,LIB,5,0
CUMBERLAND,ONE STOP A 21-45,NA,Mark Harris,REP,5,0
CUMBERLAND,ONE STOP B 1-20,NA,Dan McCready,DEM,5,0
CUMBERLAND,ONE STOP B 1-20,NA,Jeff Scott,LIB,5,0
CUMBERLAND,ONE STOP B 1-20,NA,Mark Harris,REP,5,0
CUMBERLAND,ONE STOP B 21-45,NA,Dan McCready,DEM,5,0
CUMBERLAND,ONE STOP B 21-45,NA,Jeff Scott,LIB,5,0
CUMBERLAND,ONE STOP B 21-45,NA,Mark Harris,REP,5,0
CUMBERLAND,ONE STOP C 1-20,NA,Dan McCready,DEM,5,0
CUMBERLAND,ONE STOP C 1-20,NA,Jeff Scott,LIB,5,0
CUMBERLAND,ONE STOP C 1-20,NA,Mark Harris,REP,5,0
CUMBERLAND,ONE STOP C 21-45,NA,Dan McCready,DEM,5,0
CUMBERLAND,ONE STOP C 21-45,NA,Jeff Scott,LIB,5,0
CUMBERLAND,ONE STOP C 21-45,NA,Mark Harris,REP,5,0
CUMBERLAND,ONE STOP D 1-20,NA,Dan McCready,DEM,5,0
CUMBERLAND,ONE STOP D 1-20,NA,Jeff Scott,LIB,5,0
CUMBERLAND,ONE STOP D 1-20,NA,Mark Harris,REP,5,0
CUMBERLAND,ONE STOP D 21-45,NA,Dan McCready,DEM,5,0
CUMBERLAND,ONE STOP D 21-45,NA,Jeff Scott,LIB,5,0
CUMBERLAND,ONE STOP D 21-45,NA,Mark Harris,REP,5,0
CUMBERLAND,PROVISIONAL 1-20,NA,Dan McCready,DEM,5,0
CUMBERLAND,PROVISIONAL 1-20,NA,Jeff Scott,LIB,5,0
CUMBERLAND,PROVISIONAL 1-20,NA,Mark Harris,REP,5,0
CUMBERLAND,PROVISIONAL 21-45,NA,Dan McCready,DEM,5,0
CUMBERLAND,PROVISIONAL 21-45,NA,Jeff Scott,LIB,5,0
CUMBERLAND,PROVISIONAL 21-45,NA,Mark Harris,REP,5,0
CUMBERLAND,SH77,SHERWOOD,Dan McCready,DEM,5,630
CUMBERLAND,SH77,SHERWOOD,Jeff Scott,LIB,5,22
CUMBERLAND,SH77,SHERWOOD,Mark Harris,REP,5,773
CUMBERLAND,TRANSFER 1-20,NA,Dan McCready,DEM,5,0
CUMBERLAND,TRANSFER 1-20,NA,Jeff Scott,LIB,5,0
CUMBERLAND,TRANSFER 1-20,NA,Mark Harris,REP,5,0
CUMBERLAND,TRANSFER 21-45,NA,Dan McCready,DEM,5,0
CUMBERLAND,TRANSFER 21-45,NA,Jeff Scott,LIB,5,0
CUMBERLAND,TRANSFER 21-45,NA,Mark Harris,REP,5,0
MECKLENBURG,001,PCT 001,Dan McCready,DEM,5,744
MECKLENBURG,001,PCT 001,Jeff Scott,LIB,5,12
MECKLENBURG,001,PCT 001,Mark Harris,REP,5,394
MECKLENBURG,002,PCT 002,Dan McCready,DEM,5,146
MECKLENBURG,002,PCT 002,Jeff Scott,LIB,5,5
MECKLENBURG,002,PCT 002,Mark Harris,REP,5,28
MECKLENBURG,008,PCT 008,Dan McCready,DEM,5,1029
MECKLENBURG,008,PCT 008,Jeff Scott,LIB,5,19
MECKLENBURG,008,PCT 008,Mark Harris,REP,5,685
MECKLENBURG,018,PCT 018,Dan McCready,DEM,5,689
MECKLENBURG,018,PCT 018,Jeff Scott,LIB,5,19
MECKLENBURG,018,PCT 018,Mark Harris,REP,5,536
MECKLENBURG,019,PCT 019,Dan McCready,DEM,5,781
MECKLENBURG,019,PCT 019,Jeff Scott,LIB,5,15
MECKLENBURG,019,PCT 019,Mark Harris,REP,5,476
MECKLENBURG,032,PCT 032,Dan McCready,DEM,5,832
MECKLENBURG,032,PCT 032,Jeff Scott,LIB,5,12
MECKLENBURG,032,PCT 032,Mark Harris,REP,5,680
MECKLENBURG,048,PCT 048,Dan McCready,DEM,5,799
MECKLENBURG,048,PCT 048,Jeff Scott,LIB,5,23
MECKLENBURG,048,PCT 048,Mark Harris,REP,5,637
MECKLENBURG,057,PCT 057,Dan McCready,DEM,5,941
MECKLENBURG,057,PCT 057,Jeff Scott,LIB,5,31
MECKLENBURG,057,PCT 057,Mark Harris,REP,5,564
MECKLENBURG,069,PCT 069,Dan McCready,DEM,5,1516
MECKLENBURG,069,PCT 069,Jeff Scott,LIB,5,47
MECKLENBURG,069,PCT 069,Mark Harris,REP,5,1283
MECKLENBURG,070,PCT 070,Dan McCready,DEM,5,927
MECKLENBURG,070,PCT 070,Jeff Scott,LIB,5,15
MECKLENBURG,070,PCT 070,Mark Harris,REP,5,696
MECKLENBURG,071,PCT 071,Dan McCready,DEM,5,663
MECKLENBURG,071,PCT 071,Jeff Scott,LIB,5,19
MECKLENBURG,071,PCT 071,Mark Harris,REP,5,567
MECKLENBURG,072,PCT 072,Dan McCready,DEM,5,660
MECKLENBURG,072,PCT 072,Jeff Scott,LIB,5,15
MECKLENBURG,072,PCT 072,Mark Harris,REP,5,397
MECKLENBURG,073,PCT 073,Dan McCready,DEM,5,716
MECKLENBURG,073,PCT 073,Jeff Scott,LIB,5,25
MECKLENBURG,073,PCT 073,Mark Harris,REP,5,437
MECKLENBURG,074,PCT 074,Dan McCready,DEM,5,1213
MECKLENBURG,074,PCT 074,Jeff Scott,LIB,5,38
MECKLENBURG,074,PCT 074,Mark Harris,REP,5,840
MECKLENBURG,075,PCT 075,Dan McCready,DEM,5,1269
MECKLENBURG,075,PCT 075,Jeff Scott,LIB,5,30
MECKLENBURG,075,PCT 075,Mark Harris,REP,5,993
MECKLENBURG,076,PCT 076,Dan McCready,DEM,5,1202
MECKLENBURG,076,PCT 076,Jeff Scott,LIB,5,36
MECKLENBURG,076,PCT 076,Mark Harris,REP,5,777
MECKLENBURG,086,PCT 086,Dan McCready,DEM,5,796
MECKLENBURG,086,PCT 086,Jeff Scott,LIB,5,9
MECKLENBURG,086,PCT 086,Mark Harris,REP,5,738
MECKLENBURG,090,PCT 090,Dan McCready,DEM,5,629
MECKLENBURG,090,PCT 090,Jeff Scott,LIB,5,23
MECKLENBURG,090,PCT 090,Mark Harris,REP,5,435
MECKLENBURG,091,PCT 091,Dan McCready,DEM,5,1643
MECKLENBURG,091,PCT 091,Jeff Scott,LIB,5,43
MECKLENBURG,091,PCT 091,Mark Harris,REP,5,1357
MECKLENBURG,092,PCT 092,Dan McCready,DEM,5,1117
MECKLENBURG,092,PCT 092,Jeff Scott,LIB,5,33
MECKLENBURG,092,PCT 092,Mark Harris,REP,5,837
MECKLENBURG,093,PCT 093,Dan McCready,DEM,5,606
MECKLENBURG,093,PCT 093,Jeff Scott,LIB,5,24
MECKLENBURG,093,PCT 093,Mark Harris,REP,5,633
MECKLENBURG,096,PCT 096,Dan McCready,DEM,5,834
MECKLENBURG,096,PCT 096,Jeff Scott,LIB,5,17
MECKLENBURG,096,PCT 096,Mark Harris,REP,5,501
MECKLENBURG,100,PCT 100,Dan McCready,DEM,5,1114
MECKLENBURG,100,PCT 100,Jeff Scott,LIB,5,33
MECKLENBURG,100,PCT 100,Mark Harris,REP,5,765
MECKLENBURG,101,PCT 101,Dan McCready,DEM,5,853
MECKLENBURG,101,PCT 101,Jeff Scott,LIB,5,35
MECKLENBURG,101,PCT 101,Mark Harris,REP,5,664
MECKLENBURG,103,PCT 103,Dan McCready,DEM,5,1267
MECKLENBURG,103,PCT 103,Jeff Scott,LIB,5,25
MECKLENBURG,103,PCT 103,Mark Harris,REP,5,1041
MECKLENBURG,110,PCT 110,Dan McCready,DEM,5,580
MECKLENBURG,110,PCT 110,Jeff Scott,LIB,5,19
MECKLENBURG,110,PCT 110,Mark Harris,REP,5,393
MECKLENBURG,111,PCT 111,Dan McCready,DEM,5,1161
MECKLENBURG,111,PCT 111,Jeff Scott,LIB,5,34
MECKLENBURG,111,PCT 111,Mark Harris,REP,5,737
MECKLENBURG,112,PCT 112,Dan McCready,DEM,5,752
MECKLENBURG,112,PCT 112,Jeff Scott,LIB,5,36
MECKLENBURG,112,PCT 112,Mark Harris,REP,5,722
MECKLENBURG,113,PCT 113,Dan McCready,DEM,5,1259
MECKLENBURG,113,PCT 113,Jeff Scott,LIB,5,25
MECKLENBURG,113,PCT 113,Mark Harris,REP,5,1074
MECKLENBURG,114,PCT 114,Dan McCready,DEM,5,1083
MECKLENBURG,114,PCT 114,Jeff Scott,LIB,5,39
MECKLENBURG,114,PCT 114,Mark Harris,REP,5,854
MECKLENBURG,118,PCT 118,Dan McCready,DEM,5,1084
MECKLENBURG,118,PCT 118,Jeff Scott,LIB,5,28
MECKLENBURG,118,PCT 118,Mark Harris,REP,5,691
MECKLENBURG,119,PCT 119,Dan McCready,DEM,5,671
MECKLENBURG,119,PCT 119,Jeff Scott,LIB,5,19
MECKLENBURG,119,PCT 119,Mark Harris,REP,5,426
MECKLENBURG,121,PCT 121,Dan McCready,DEM,5,1393
MECKLENBURG,121,PCT 121,Jeff Scott,LIB,5,47
MECKLENBURG,121,PCT 121,Mark Harris,REP,5,1342
MECKLENBURG,131,PCT 131,Dan McCready,DEM,5,680
MECKLENBURG,131,PCT 131,Jeff Scott,LIB,5,20
MECKLENBURG,131,PCT 131,Mark Harris,REP,5,579
MECKLENBURG,136,PCT 136,Dan McCready,DEM,5,756
MECKLENBURG,136,PCT 136,Jeff Scott,LIB,5,23
MECKLENBURG,136,PCT 136,Mark Harris,REP,5,767
MECKLENBURG,137,PCT 137,Dan McCready,DEM,5,1820
MECKLENBURG,137,PCT 137,Jeff Scott,LIB,5,56
MECKLENBURG,137,PCT 137,Mark Harris,REP,5,1662
MECKLENBURG,139.1,PCT 139,Dan McCready,DEM,5,1197
MECKLENBURG,139.1,PCT 139,Jeff Scott,LIB,5,41
MECKLENBURG,139.1,PCT 139,Mark Harris,REP,5,868
MECKLENBURG,144,PCT 144,Dan McCready,DEM,5,1294
MECKLENBURG,144,PCT 144,Jeff Scott,LIB,5,36
MECKLENBURG,144,PCT 144,Mark Harris,REP,5,947
MECKLENBURG,215,PCT 215,Dan McCready,DEM,5,1194
MECKLENBURG,215,PCT 215,Jeff Scott,LIB,5,53
MECKLENBURG,215,PCT 215,Mark Harris,REP,5,922
MECKLENBURG,216,PCT 216,Dan McCready,DEM,5,1625
MECKLENBURG,216,PCT 216,Jeff Scott,LIB,5,60
MECKLENBURG,216,PCT 216,Mark Harris,REP,5,1245
MECKLENBURG,217,PCT 217,Dan McCready,DEM,5,918
MECKLENBURG,217,PCT 217,Jeff Scott,LIB,5,22
MECKLENBURG,217,PCT 217,Mark Harris,REP,5,655
MECKLENBURG,218,PCT 218,Dan McCready,DEM,5,731
MECKLENBURG,218,PCT 218,Jeff Scott,LIB,5,33
MECKLENBURG,218,PCT 218,Mark Harris,REP,5,934
MECKLENBURG,219,PCT 219,Dan McCready,DEM,5,679
MECKLENBURG,219,PCT 219,Jeff Scott,LIB,5,44
MECKLENBURG,219,PCT 219,Mark Harris,REP,5,839
MECKLENBURG,220,PCT 220,Dan McCready,DEM,5,937
MECKLENBURG,220,PCT 220,Jeff Scott,LIB,5,40
MECKLENBURG,220,PCT 220,Mark Harris,REP,5,1192
MECKLENBURG,221,PCT 221,Dan McCready,DEM,5,1094
MECKLENBURG,221,PCT 221,Jeff Scott,LIB,5,71
MECKLENBURG,221,PCT 221,Mark Harris,REP,5,1696
MECKLENBURG,226,PCT 226,Dan McCready,DEM,5,1284
MECKLENBURG,226,PCT 226,Jeff Scott,LIB,5,47
MECKLENBURG,226,PCT 226,Mark Harris,REP,5,896
MECKLENBURG,227,PCT 227,Dan McCready,DEM,5,2306
MECKLENBURG,227,PCT 227,Jeff Scott,LIB,5,64
MECKLENBURG,227,PCT 227,Mark Harris,REP,5,1698
MECKLENBURG,232,PCT 232,Dan McCready,DEM,5,1708
MECKLENBURG,232,PCT 232,Jeff Scott,LIB,5,61
MECKLENBURG,232,PCT 232,Mark Harris,REP,5,1401
MECKLENBURG,233,PCT 233,Dan McCready,DEM,5,1502
MECKLENBURG,233,PCT 233,Jeff Scott,LIB,5,37
MECKLENBURG,233,PCT 233,Mark Harris,REP,5,1471
MECKLENBURG,236,PCT 236,Dan McCready,DEM,5,1163
MECKLENBURG,236,PCT 236,Jeff Scott,LIB,5,68
MECKLENBURG,236,PCT 236,Mark Harris,REP,5,1697
MECKLENBURG,ABSENTEE BY MAIL 1-35,NA,Dan McCready,DEM,5,0
MECKLENBURG,ABSENTEE BY MAIL 1-35,NA,Jeff Scott,LIB,5,0
MECKLENBURG,ABSENTEE BY MAIL 1-35,NA,Mark Harris,REP,5,0
MECKLENBURG,ABSENTEE BY MAIL 36-70,NA,Dan McCready,DEM,5,0
MECKLENBURG,ABSENTEE BY MAIL 36-70,NA,Jeff Scott,LIB,5,0
MECKLENBURG,ABSENTEE BY MAIL 36-70,NA,Mark Harris,REP,5,0
MECKLENBURG,ABSENTEE BY MAIL 71-106,NA,Dan McCready,DEM,5,0
MECKLENBURG,ABSENTEE BY MAIL 71-106,NA,Jeff Scott,LIB,5,0
MECKLENBURG,ABSENTEE BY MAIL 71-106,NA,Mark Harris,REP,5,0
MECKLENBURG,CURBSIDE 1-35,NA,Dan McCready,DEM,5,0
MECKLENBURG,CURBSIDE 1-35,NA,Jeff Scott,LIB,5,0
MECKLENBURG,CURBSIDE 1-35,NA,Mark Harris,REP,5,0
MECKLENBURG,CURBSIDE 36-70,NA,Dan McCready,DEM,5,0
MECKLENBURG,CURBSIDE 36-70,NA,Jeff Scott,LIB,5,0
MECKLENBURG,CURBSIDE 36-70,NA,Mark Harris,REP,5,0
MECKLENBURG,CURBSIDE 71-106,NA,Dan McCready,DEM,5,0
MECKLENBURG,CURBSIDE 71-106,NA,Jeff Scott,LIB,5,0
MECKLENBURG,CURBSIDE 71-106,NA,Mark Harris,REP,5,0
MECKLENBURG,PROVISIONAL 1-35,NA,Dan McCready,DEM,5,0
MECKLENBURG,PROVISIONAL 1-35,NA,Jeff Scott,LIB,5,0
MECKLENBURG,PROVISIONAL 1-35,NA,Mark Harris,REP,5,0
MECKLENBURG,PROVISIONAL 36-70,NA,Dan McCready,DEM,5,0
MECKLENBURG,PROVISIONAL 36-70,NA,Jeff Scott,LIB,5,0
MECKLENBURG,PROVISIONAL 36-70,NA,Mark Harris,REP,5,0
MECKLENBURG,PROVISIONAL 71-106,NA,Dan McCready,DEM,5,0
MECKLENBURG,PROVISIONAL 71-106,NA,Jeff Scott,LIB,5,0
MECKLENBURG,PROVISIONAL 71-106,NA,Mark Harris,REP,5,0
RICHMOND,01,ROCKINGHAM #1,Dan McCready,DEM,4,1341
RICHMOND,01,ROCKINGHAM #1,Jeff Scott,LIB,4,45
RICHMOND,01,ROCKINGHAM #1,Mark Harris,REP,4,731
RICHMOND,02,ROCKINGHAM #2,Dan McCready,DEM,4,1080
RICHMOND,02,ROCKINGHAM #2,Jeff Scott,LIB,4,58
RICHMOND,02,ROCKINGHAM #2,Mark Harris,REP,4,1413
RICHMOND,03,ROCKINGHAM #3,Dan McCready,DEM,4,157
RICHMOND,03,ROCKINGHAM #3,Jeff Scott,LIB,4,11
RICHMOND,03,ROCKINGHAM #3,Mark Harris,REP,4,285
RICHMOND,04,WOLF PIT #1,Dan McCready,DEM,4,364
RICHMOND,04,WOLF PIT #1,Jeff Scott,LIB,4,20
RICHMOND,04,WOLF PIT #1,Mark Harris,REP,4,301
RICHMOND,05,WOLF PIT #2,Dan McCready,DEM,4,104
RICHMOND,05,WOLF PIT #2,Jeff Scott,LIB,4,9
RICHMOND,05,WOLF PIT #2,Mark Harris,REP,4,118
RICHMOND,06,WOLF PIT #3,Dan McCready,DEM,4,218
RICHMOND,06,WOLF PIT #3,Jeff Scott,LIB,4,15
RICHMOND,06,WOLF PIT #3,Mark Harris,REP,4,388
RICHMOND,07,WOLF PIT #4,Dan McCready,DEM,4,263
RICHMOND,07,WOLF PIT #4,Jeff Scott,LIB,4,3
RICHMOND,07,WOLF PIT #4,Mark Harris,REP,4,202
RICHMOND,08,MARKS CREEK #1,Dan McCready,DEM,4,1108
RICHMOND,08,MARKS CREEK #1,Jeff Scott,LIB,4,29
RICHMOND,08,MARKS CREEK #1,Mark Harris,REP,4,723
RICHMOND,09,MARKS CREEK #2,Dan McCready,DEM,4,1190
RICHMOND,09,MARKS CREEK #2,Jeff Scott,LIB,4,54
RICHMOND,09,MARKS CREEK #2,Mark Harris,REP,4,1247
RICHMOND,10,BEAVER DAM #1,Dan McCready,DEM,4,309
RICHMOND,10,BEAVER DAM #1,Jeff Scott,LIB,4,10
RICHMOND,10,BEAVER DAM #1,Mark Harris,REP,4,130
RICHMOND,11,BEAVER DAM #2,Dan McCready,DEM,4,306
RICHMOND,11,BEAVER DAM #2,Jeff Scott,LIB,4,8
RICHMOND,11,BEAVER DAM #2,Mark Harris,REP,4,344
RICHMOND,12,MINERAL SPRINGS #1,Dan McCready,DEM,4,403
RICHMOND,12,MINERAL SPRINGS #1,Jeff Scott,LIB,4,17
RICHMOND,12,MINERAL SPRINGS #1,Mark Harris,REP,4,435
RICHMOND,13,MINERAL SPRINGS #2,Dan McCready,DEM,4,186
RICHMOND,13,MINERAL SPRINGS #2,Jeff Scott,LIB,4,6
RICHMOND,13,MINERAL SPRINGS #2,Mark Harris,REP,4,228
RICHMOND,14,STEELES #1,Dan McCready,DEM,4,50
RICHMOND,14,STEELES #1,Jeff Scott,LIB,4,3
RICHMOND,14,STEELES #1,Mark Harris,REP,4,24
RICHMOND,15,STEELES #2,Dan McCready,DEM,4,26
RICHMOND,15,STEELES #2,Jeff Scott,LIB,4,5
RICHMOND,15,STEELES #2,Mark Harris,REP,4,67
RICHMOND,16,BLACK JACK #1,Dan McCready,DEM,4,33
RICHMOND,16,BLACK JACK #1,Jeff Scott,LIB,4,5
RICHMOND,16,BLACK JACK #1,Mark Harris,REP,4,150
RICHMOND,ABSENTEE MAIL,NA,Dan McCready,DEM,4,0
RICHMOND,ABSENTEE MAIL,NA,Jeff Scott,LIB,4,0
RICHMOND,ABSENTEE MAIL,NA,Mark Harris,REP,4,0
RICHMOND,ONE STOP,NA,Dan McCready,DEM,4,0
RICHMOND,ONE STOP,NA,Jeff Scott,LIB,4,0
RICHMOND,ONE STOP,NA,Mark Harris,REP,4,0
RICHMOND,PROVISIONAL,NA,Dan McCready,DEM,4,0
RICHMOND,PROVISIONAL,NA,Jeff Scott,LIB,4,0
RICHMOND,PROVISIONAL,NA,Mark Harris,REP,4,0
ROBESON,01,ALFORDSVILLE,Dan McCready,DEM,4,259
ROBESON,01,ALFORDSVILLE,Jeff Scott,LIB,4,12
ROBESON,01,ALFORDSVILLE,Mark Harris,REP,4,174
ROBESON,02,BACK SWAMP,Dan McCready,DEM,4,620
ROBESON,02,BACK SWAMP,Jeff Scott,LIB,4,34
ROBESON,02,BACK SWAMP,Mark Harris,REP,4,246
ROBESON,03,BRITTS,Dan McCready,DEM,4,263
ROBESON,03,BRITTS,Jeff Scott,LIB,4,12
ROBESON,03,BRITTS,Mark Harris,REP,4,447
ROBESON,04,BURNT SWAMP,Dan McCready,DEM,4,509
ROBESON,04,BURNT SWAMP,Jeff Scott,LIB,4,44
ROBESON,04,BURNT SWAMP,Mark Harris,REP,4,330
ROBESON,05A,FAIRMONT,Dan McCready,DEM,4,1034
ROBESON,05A,FAIRMONT,Jeff Scott,LIB,4,35
ROBESON,05A,FAIRMONT,Mark Harris,REP,4,476
ROBESON,07,GADDYS,Dan McCready,DEM,4,237
ROBESON,07,GADDYS,Jeff Scott,LIB,4,8
ROBESON,07,GADDYS,Mark Harris,REP,4,108
ROBESON,08,EAST HOWELLSVILLE,Dan McCready,DEM,4,256
ROBESON,08,EAST HOWELLSVILLE,Jeff Scott,LIB,4,18
ROBESON,08,EAST HOWELLSVILLE,Mark Harris,REP,4,538
ROBESON,09,WEST HOWELLSVILLE,Dan McCready,DEM,4,329
ROBESON,09,WEST HOWELLSVILLE,Jeff Scott,LIB,4,8
ROBESON,09,WEST HOWELLSVILLE,Mark Harris,REP,4,259
ROBESON,10,LUMBER BRIDGE,Dan McCready,DEM,4,247
ROBESON,10,LUMBER BRIDGE,Jeff Scott,LIB,4,13
ROBESON,10,LUMBER BRIDGE,Mark Harris,REP,4,197
ROBESON,11,LUMBERTON #1,Dan McCready,DEM,4,916
ROBESON,11,LUMBERTON #1,Jeff Scott,LIB,4,27
ROBESON,11,LUMBERTON #1,Mark Harris,REP,4,1418
ROBESON,11A,LUMBERTON #11A,Dan McCready,DEM,4,336
ROBESON,11A,LUMBERTON #11A,Jeff Scott,LIB,4,19
ROBESON,11A,LUMBERTON #11A,Mark Harris,REP,4,269
ROBESON,12,LUMBERTON #2,Dan McCready,DEM,4,577
ROBESON,12,LUMBERTON #2,Jeff Scott,LIB,4,9
ROBESON,12,LUMBERTON #2,Mark Harris,REP,4,220
ROBESON,13,LUMBERTON #3,Dan McCready,DEM,4,495
ROBESON,13,LUMBERTON #3,Jeff Scott,LIB,4,15
ROBESON,13,LUMBERTON #3,Mark Harris,REP,4,334
ROBESON,14,LUMBERTON #4,Dan McCready,DEM,4,251
ROBESON,14,LUMBERTON #4,Jeff Scott,LIB,4,10
ROBESON,14,LUMBERTON #4,Mark Harris,REP,4,183
ROBESON,15,LUMBERTON #5,Dan McCready,DEM,4,384
ROBESON,15,LUMBERTON #5,Jeff Scott,LIB,4,9
ROBESON,15,LUMBERTON #5,Mark Harris,REP,4,67
ROBESON,16,LUMBERTON #6,Dan McCready,DEM,4,473
ROBESON,16,LUMBERTON #6,Jeff Scott,LIB,4,12
ROBESON,16,LUMBERTON #6,Mark Harris,REP,4,16
ROBESON,17,LUMBERTON #7,Dan McCready,DEM,4,103
ROBESON,17,LUMBERTON #7,Jeff Scott,LIB,4,10
ROBESON,17,LUMBERTON #7,Mark Harris,REP,4,46
ROBESON,18A,LUMBERTON #8A,Dan McCready,DEM,4,453
ROBESON,18A,LUMBERTON #8A,Jeff Scott,LIB,4,19
ROBESON,18A,LUMBERTON #8A,Mark Harris,REP,4,436
ROBESON,19,MAXTON,Dan McCready,DEM,4,944
ROBESON,19,MAXTON,Jeff Scott,LIB,4,35
ROBESON,19,MAXTON,Mark Harris,REP,4,250
ROBESON,20,ORRUM,Dan McCready,DEM,4,263
ROBESON,20,ORRUM,Jeff Scott,LIB,4,15
ROBESON,20,ORRUM,Mark Harris,REP,4,257
ROBESON,21,PARKTON,Dan McCready,DEM,4,458
ROBESON,21,PARKTON,Jeff Scott,LIB,4,16
ROBESON,21,PARKTON,Mark Harris,REP,4,472
ROBESON,22,NORTH PEMBROKE,Dan McCready,DEM,4,719
ROBESON,22,NORTH PEMBROKE,Jeff Scott,LIB,4,60
ROBESON,22,NORTH PEMBROKE,Mark Harris,REP,4,417
ROBESON,23,SOUTH PEMBROKE,Dan McCready,DEM,4,876
ROBESON,23,SOUTH PEMBROKE,Jeff Scott,LIB,4,43
ROBESON,23,SOUTH PEMBROKE,Mark Harris,REP,4,530
ROBESON,24,PHILADELPHUS,Dan McCready,DEM,4,237
ROBESON,24,PHILADELPHUS,Jeff Scott,LIB,4,10
ROBESON,24,PHILADELPHUS,Mark Harris,REP,4,177
ROBESON,25,RAFT SWAMP,Dan McCready,DEM,4,377
ROBESON,25,RAFT SWAMP,Jeff Scott,LIB,4,16
ROBESON,25,RAFT SWAMP,Mark Harris,REP,4,231
ROBESON,26A,RED SPRINGS,Dan McCready,DEM,4,1122
ROBESON,26A,RED SPRINGS,Jeff Scott,LIB,4,29
ROBESON,26A,RED SPRINGS,Mark Harris,REP,4,354
ROBESON,28,RENNERT,Dan McCready,DEM,4,222
ROBESON,28,RENNERT,Jeff Scott,LIB,4,10
ROBESON,28,RENNERT,Mark Harris,REP,4,192
ROBESON,29,ROWLAND,Dan McCready,DEM,4,501
ROBESON,29,ROWLAND,Jeff Scott,LIB,4,16
ROBESON,29,ROWLAND,Mark Harris,REP,4,213
ROBESON,30,SADDLETREE,Dan McCready,DEM,4,589
ROBESON,30,SADDLETREE,Jeff Scott,LIB,4,27
ROBESON,30,SADDLETREE,Mark Harris,REP,4,415
ROBESON,32A,ST PAULS,Dan McCready,DEM,4,1025
ROBESON,32A,ST PAULS,Jeff Scott,LIB,4,38
ROBESON,32A,ST PAULS,Mark Harris,REP,4,1000
ROBESON,33,SHANNON,Dan McCready,DEM,4,126
ROBESON,33,SHANNON,Jeff Scott,LIB,4,9
ROBESON,33,SHANNON,Mark Harris,REP,4,90
ROBESON,34,OXENDINE,Dan McCready,DEM,4,232
ROBESON,34,OXENDINE,Jeff Scott,LIB,4,27
ROBESON,34,OXENDINE,Mark Harris,REP,4,226
ROBESON,35,PROSPECT,Dan McCready,DEM,4,493
ROBESON,35,PROSPECT,Jeff Scott,LIB,4,30
ROBESON,35,PROSPECT,Mark Harris,REP,4,411
ROBESON,36,SMYRNA,Dan McCready,DEM,4,311
ROBESON,36,SMYRNA,Jeff Scott,LIB,4,3
ROBESON,36,SMYRNA,Mark Harris,REP,4,191
ROBESON,37,STERLINGS,Dan McCready,DEM,4,75
ROBESON,37,STERLINGS,Jeff Scott,LIB,4,6
ROBESON,37,STERLINGS,Mark Harris,REP,4,220
ROBESON,38,THOMPSON,Dan McCready,DEM,4,107
ROBESON,38,THOMPSON,Jeff Scott,LIB,4,11
ROBESON,38,THOMPSON,Mark Harris,REP,4,81
ROBESON,39,UNION,Dan McCready,DEM,4,388
ROBESON,39,UNION,Jeff Scott,LIB,4,25
ROBESON,39,UNION,Mark Harris,REP,4,211
ROBESON,40,WHITEHOUSE,Dan McCready,DEM,4,150
ROBESON,40,WHITEHOUSE,Jeff Scott,LIB,4,3
ROBESON,40,WHITEHOUSE,Mark Harris,REP,4,113
ROBESON,41,WISHARTS,Dan McCready,DEM,4,463
ROBESON,41,WISHARTS,Jeff Scott,LIB,4,34
ROBESON,41,WISHARTS,Mark Harris,REP,4,876
UNION,001,001,Dan McCready,DEM,5,296
UNION,001,001,Jeff Scott,LIB,5,11
UNION,001,001,Mark Harris,REP,5,102
UNION,002,002,Dan McCready,DEM,5,566
UNION,002,002,Jeff Scott,LIB,5,14
UNION,002,002,Mark Harris,REP,5,272
UNION,003,003,Dan McCready,DEM,5,321
UNION,003,003,Jeff Scott,LIB,5,9
UNION,003,003,Mark Harris,REP,5,250
UNION,004,004,Dan McCready,DEM,5,479
UNION,004,004,Jeff Scott,LIB,5,11
UNION,004,004,Mark Harris,REP,5,97
UNION,005,005,Dan McCready,DEM,5,684
UNION,005,005,Jeff Scott,LIB,5,32
UNION,005,005,Mark Harris,REP,5,905
UNION,006,006,Dan McCready,DEM,5,259
UNION,006,006,Jeff Scott,LIB,5,13
UNION,006,006,Mark Harris,REP,5,769
UNION,007,007,Dan McCready,DEM,5,762
UNION,007,007,Jeff Scott,LIB,5,39
UNION,007,007,Mark Harris,REP,5,1123
UNION,008,008,Dan McCready,DEM,5,830
UNION,008,008,Jeff Scott,LIB,5,20
UNION,008,008,Mark Harris,REP,5,452
UNION,009,009,Dan McCready,DEM,5,446
UNION,009,009,Jeff Scott,LIB,5,16
UNION,009,009,Mark Harris,REP,5,229
UNION,010,010,Dan McCready,DEM,5,437
UNION,010,010,Jeff Scott,LIB,5,13
UNION,010,010,Mark Harris,REP,5,181
UNION,011,011,Dan McCready,DEM,5,221
UNION,011,011,Jeff Scott,LIB,5,17
UNION,011,011,Mark Harris,REP,5,1315
UNION,012,012,Dan McCready,DEM,5,222
UNION,012,012,Jeff Scott,LIB,5,19
UNION,012,012,Mark Harris,REP,5,1286
UNION,013,013,Dan McCready,DEM,5,233
UNION,013,013,Jeff Scott,LIB,5,22
UNION,013,013,Mark Harris,REP,5,1403
UNION,014,014,Dan McCready,DEM,5,267
UNION,014,014,Jeff Scott,LIB,5,17
UNION,014,014,Mark Harris,REP,5,419
UNION,015,015,Dan McCready,DEM,5,1219
UNION,015,015,Jeff Scott,LIB,5,54
UNION,015,015,Mark Harris,REP,5,1358
UNION,016,016,Dan McCready,DEM,5,1126
UNION,016,016,Jeff Scott,LIB,5,57
UNION,016,016,Mark Harris,REP,5,1635
UNION,017A,017A,Dan McCready,DEM,5,672
UNION,017A,017A,Jeff Scott,LIB,5,44
UNION,017A,017A,Mark Harris,REP,5,1122
UNION,017B,017B,Dan McCready,DEM,5,1095
UNION,017B,017B,Jeff Scott,LIB,5,31
UNION,017B,017B,Mark Harris,REP,5,1640
UNION,018,018,Dan McCready,DEM,5,637
UNION,018,018,Jeff Scott,LIB,5,31
UNION,018,018,Mark Harris,REP,5,1159
UNION,019,019,Dan McCready,DEM,5,1217
UNION,019,019,Jeff Scott,LIB,5,63
UNION,019,019,Mark Harris,REP,5,1950
UNION,020A,020A,Dan McCready,DEM,5,1235
UNION,020A,020A,Jeff Scott,LIB,5,62
UNION,020A,020A,Mark Harris,REP,5,1245
UNION,020B,020B,Dan McCready,DEM,5,981
UNION,020B,020B,Jeff Scott,LIB,5,67
UNION,020B,020B,Mark Harris,REP,5,1584
UNION,021,021,Dan McCready,DEM,5,336
UNION,021,021,Jeff Scott,LIB,5,33
UNION,021,021,Mark Harris,REP,5,1047
UNION,022,022,Dan McCready,DEM,5,345
UNION,022,022,Jeff Scott,LIB,5,34
UNION,022,022,Mark Harris,REP,5,1277
UNION,023,023,Dan McCready,DEM,5,416
UNION,023,023,Jeff Scott,LIB,5,21
UNION,023,023,Mark Harris,REP,5,835
UNION,024,024,Dan McCready,DEM,5,307
UNION,024,024,Jeff Scott,LIB,5,18
UNION,024,024,Mark Harris,REP,5,980
UNION,025,025,Dan McCready,DEM,5,305
UNION,025,025,Jeff Scott,LIB,5,11
UNION,025,025,Mark Harris,REP,5,799
UNION,026,026,Dan McCready,DEM,5,232
UNION,026,026,Jeff Scott,LIB,5,17
UNION,026,026,Mark Harris,REP,5,778
UNION,027,027,Dan McCready,DEM,5,247
UNION,027,027,Jeff Scott,LIB,5,11
UNION,027,027,Mark Harris,REP,5,796
UNION,028A,028A,Dan McCready,DEM,5,1417
UNION,028A,028A,Jeff Scott,LIB,5,51
UNION,028A,028A,Mark Harris,REP,5,1691
UNION,028B,028B,Dan McCready,DEM,5,1096
UNION,028B,028B,Jeff Scott,LIB,5,42
UNION,028B,028B,Mark Harris,REP,5,1304
UNION,028C,028C,Dan McCready,DEM,5,991
UNION,028C,028C,Jeff Scott,LIB,5,29
UNION,028C,028C,Mark Harris,REP,5,1202
UNION,028D,028D,Dan McCready,DEM,5,1247
UNION,028D,028D,Jeff Scott,LIB,5,58
UNION,028D,028D,Mark Harris,REP,5,1452
UNION,029A,029A,Dan McCready,DEM,5,1352
UNION,029A,029A,Jeff Scott,LIB,5,50
UNION,029A,029A,Mark Harris,REP,5,1136
UNION,029B,029B,Dan McCready,DEM,5,447
UNION,029B,029B,Jeff Scott,LIB,5,30
UNION,029B,029B,Mark Harris,REP,5,600
UNION,029C,029C,Dan McCready,DEM,5,512
UNION,029C,029C,Jeff Scott,LIB,5,24
UNION,029C,029C,Mark Harris,REP,5,829
UNION,030,030,Dan McCready,DEM,5,1015
UNION,030,030,Jeff Scott,LIB,5,44
UNION,030,030,Mark Harris,REP,5,1469
UNION,031,031,Dan McCready,DEM,5,897
UNION,031,031,Jeff Scott,LIB,5,45
UNION,031,031,Mark Harris,REP,5,1063
UNION,032,032,Dan McCready,DEM,5,637
UNION,032,032,Jeff Scott,LIB,5,31
UNION,032,032,Mark Harris,REP,5,1385
UNION,033,033,Dan McCready,DEM,5,499
UNION,033,033,Jeff Scott,LIB,5,30
UNION,033,033,Mark Harris,REP,5,870
UNION,034,034,Dan McCready,DEM,5,567
UNION,034,034,Jeff Scott,LIB,5,36
UNION,034,034,Mark Harris,REP,5,1405
UNION,035,035,Dan McCready,DEM,5,445
UNION,035,035,Jeff Scott,LIB,5,17
UNION,035,035,Mark Harris,REP,5,772
UNION,036,036,Dan McCready,DEM,5,318
UNION,036,036,Jeff Scott,LIB,5,13
UNION,036,036,Mark Harris,REP,5,763
UNION,037A,037A,Dan McCready,DEM,5,1418
UNION,037A,037A,Jeff Scott,LIB,5,70
UNION,037A,037A,Mark Harris,REP,5,1535
UNION,037B,037B,Dan McCready,DEM,5,357
UNION,037B,037B,Jeff Scott,LIB,5,12
UNION,037B,037B,Mark Harris,REP,5,661
UNION,038A,038A,Dan McCready,DEM,5,908
UNION,038A,038A,Jeff Scott,LIB,5,45
UNION,038A,038A,Mark Harris,REP,5,1005
UNION,038B,038B,Dan McCready,DEM,5,576
UNION,038B,038B,Jeff Scott,LIB,5,39
UNION,038B,038B,Mark Harris,REP,5,819
UNION,039,039,Dan McCready,DEM,5,339
UNION,039,039,Jeff Scott,LIB,5,27
UNION,039,039,Mark Harris,REP,5,1020
UNION,040,040,Dan McCready,DEM,5,963
UNION,040,040,Jeff Scott,LIB,5,33
UNION,040,040,Mark Harris,REP,5,1395
UNION,041,041,Dan McCready,DEM,5,950
UNION,041,041,Jeff Scott,LIB,5,25
UNION,041,041,Mark Harris,REP,5,1527
UNION,042,042,Dan McCready,DEM,5,416
UNION,042,042,Jeff Scott,LIB,5,25
UNION,042,042,Mark Harris,REP,5,665
UNION,043,043,Dan McCready,DEM,5,366
UNION,043,043,Jeff Scott,LIB,5,6
UNION,043,043,Mark Harris,REP,5,69
UNION,ABSENTEE,NA,Dan McCready,DEM,5,0
UNION,ABSENTEE,NA,Jeff Scott,LIB,5,0
UNION,ABSENTEE,NA,Mark Harris,REP,5,0
UNION,CURBSIDE,NA,Dan McCready,DEM,5,0
UNION,CURBSIDE,NA,Jeff Scott,LIB,5,0
UNION,CURBSIDE,NA,Mark Harris,REP,5,0
UNION,PROVISIONAL,NA,Dan McCready,DEM,5,0
UNION,PROVISIONAL,NA,Jeff Scott,LIB,5,0
UNION,PROVISIONAL,NA,Mark Harris,REP,5,0
UNION,TRANSFER,NA,Dan McCready,DEM,5,0
UNION,TRANSFER,NA,Jeff Scott,LIB,5,0
UNION,TRANSFER,NA,Mark Harris,REP,5,0
